TE,direction_name,gradient_x,gradient_y,gradient_z,b,manual_timestep_ms,n_inside_spins,inside_signal,inside_normalized_signal,inside_ln_S_over_S0,inside_fitted_ln_S_over_S0
40,x,1.0,0.0,0.0,0.0,0.01,107,107.0,1.0,0.0,-0.003197228721861678
40,x,1.0,0.0,0.0,0.5,0.01,107,73.0371677307239,0.6825903526235878,-0.38186037588865046,-0.375465918444927
40,x,1.0,0.0,0.0,1.0,0.01,107,50.8200750674848,0.4749539725933159,-0.7445373794461306,-0.7477346081679923
40,y,0.0,1.0,0.0,0.0,0.01,107,107.0,1.0,0.0,-0.009569347168166958
40,y,0.0,1.0,0.0,0.5,0.01,107,86.65429166303507,0.8098531931124773,-0.21090229081317852,-0.19176359647684463
40,y,0.0,1.0,0.0,1.0,0.01,107,74.32447727116913,0.6946212829081228,-0.36438849861735534,-0.37395784578552227
40,z,0.0,0.0,1.0,0.0,0.01,107,107.0,1.0,0.0,-0.0090533688095428
40,z,0.0,0.0,1.0,0.5,0.01,107,89.79083894885996,0.8391667191482239,-0.17534588051744324,-0.15723914289835764
40,z,0.0,0.0,1.0,1.0,0.01,107,79.55569053438704,0.7435111264895985,-0.2963715481776297,-0.30542491698717245
